society_member_fname,society_member_lname,society_member_mobile,__v
Fourth Society Member,fourthsocietymember@gmail.com,8817645627,0
Excellent Memeber,excellentmember@gmail.com,7999496840,0
Reviews Member,reviewsmember@gmail.com,7999496840,0
Lovely Member,lovelymember@gmail.com,8817645627,0
Fourth Society Member,fourthsocietymember@gmail.com,8817645627,0
Excellent Memeber,excellentmember@gmail.com,7999496840,0
Reviews Member,reviewsmember@gmail.com,7999496840,0
Lovely Member,lovelymember@gmail.com,8817645627,0
Fourth Society Member,fourthsocietymember@gmail.com,8817645627,0
Excellent Memeber,excellentmember@gmail.com,7999496840,0
Reviews Member,reviewsmember@gmail.com,7999496840,0
Lovely Member,lovelymember@gmail.com,8817645627,0
Fourth Society Member,fourthsocietymember@gmail.com,8817645627,0
Excellent Memeber,excellentmember@gmail.com,7999496840,0
Reviews Member,reviewsmember@gmail.com,7999496840,0
Lovely Member,lovelymember@gmail.com,8817645627,0
Fourth Society Member,fourthsocietymember@gmail.com,8817645627,0
Excellent Memeber,excellentmember@gmail.com,7999496840,0
Reviews Member,reviewsmember@gmail.com,7999496840,0
Lovely Member,lovelymember@gmail.com,8817645627,0
Fourth Society Member,fourthsocietymember@gmail.com,8817645627,0
Excellent Memeber,excellentmember@gmail.com,7999496840,0
Reviews Member,reviewsmember@gmail.com,7999496840,0
Lovely Member,lovelymember@gmail.com,8817645627,0
Fourth Society Member,fourthsocietymember@gmail.com,8817645627,0
Excellent Memeber,excellentmember@gmail.com,7999496840,0
Reviews Member,reviewsmember@gmail.com,7999496840,0
Lovely Member,lovelymember@gmail.com,8817645627,0
Fourth Society Member,fourthsocietymember@gmail.com,8817645627,0
Excellent Memeber,excellentmember@gmail.com,7999496840,
Reviews Member,reviewsmember@gmail.com,7999496840,
Lovely Member,lovelymember@gmail.com,8817645627,
